event_id,url,title,date_start,date_end,time_start,location,venue,ticket_url,ticket_price_text,price_min,price_max,currency,ticket_free,description,category,organizer,image_url,scraped_at,price_text,is_free,additional_info,parsed_price,parsed_contact,parsed_event_type,all_prices,description_full,parsed_time
ffc27955b4e6c19eacae70f1dccd1d7f,https://www.karti.com.mk/teatar-za-deca-i-mladinci.nspx,ТЕАТАР ЗА ДЕЦА И МЛАДИНЦИ,,,,МЕСЕЧЕН РЕПЕРТОАР,МЕСЕЧЕН РЕПЕРТОАР,https://www.karti.com.mk/teatar-za-deca-i-mladinci.nspx,300,300,300,MKD,False,"info@karti.com.mk MK EN ПОЧЕТНА МОБИЛНА АПП ПРОДАЖНИ МЕСТА УСЛОВИ КАКО ДА КУПАМ ЧПП КОНТАКТ Театар за деца и младинци *ТЕАТАРОТ ГО ЗАДРЖУВА ПРАВОТО ЗА ПРОМЕНА НА РЕПЕРТОАРОТ Замена на купените online ваучери се врши на билетарата во Театар за деца и младинци од вторник до недела. Репертоар за месец Декември Репертоар за месец Јануари ХАЈДИ - 09.01.2026 Купи карта КОЈА Е ЛОРЕТ - 10.01.2026 Купи карта ДВАНАЕСЕТТЕ МЕСЕЦИ - 15.01.2026 Купи карта МАЧОРОТ ВО ЧИЗМИ - 16.01.2026 Купи карта ТОБИ - 17.01.2026 Купи карта ТОМ СОЕР - 22.01.2026 Купи карта КУЌАТА НА ДУХОВИТЕ - 23.01.2026 Купи карта ЦВЕТНАТА УЛИЦА - 24.01.2026 Купи карта ЧЕЛИНЏ - 28.01.2026 Купи карта ЦРВЕНКАПА - 29.01.2026 Купи карта РОЊА, ЌЕРКАТА НА ОГРАБУВАЧОТ - 30.01.2026 Купи карта ПЕПЕЛАШКА - 31.01.2026 Купи карта ОСТАНАТИ ТЕКОВНИ НАСТАНИ ДРАМСКИ ТЕАТАР МЕСЕЧЕН РЕПЕРТОАР 500 мкд karti.com.mk © 2026. Сите права задржани.",Театар,МЕСЕЧЕН РЕПЕРТОАР,https://www.karti.com.mk/content/DecaiMladinci.jpg?ver001,2026-01-08T00:16:27.926111,300,False,"Teatar za deca i mladinci - karti.com.mk info@karti.com.mk MK EN Toggle navigationПОЧЕТНАМОБИЛНА АПППРОДАЖНИ МЕСТАУСЛОВИКАКО ДА КУПАМЧППКОНТАКТ Toggle navigationПОЧЕТНАМОБИЛНА АПППРОДАЖНИ МЕСТАУСЛОВИКАКО ДА КУПАМЧППКОНТАКТ Театар за деца и младинци *ТЕАТАРОТ ГО ЗАДРЖУВА ПРАВОТО ЗА ПРОМЕНА НА РЕПЕРТОАРОТ Замена на купените online ваучери се врши на билетарата во Театар за деца и младинци од вторник до недела.Репертоар за месец ДекемвриРепертоар за месец Јануари ХАЈДИ - 09.01.2026 Купи карта Почеток во 19:00 часот КОЈА Е ЛОРЕТ - 10.01.2026 Купи карта Почеток во 19:00 часот ДВАНАЕСЕТТЕ МЕСЕЦИ - 15.01.2026 Купи карта Почеток во 19:00 часот МАЧОРОТ ВО ЧИЗМИ - 16.01.2026 Купи карта .Почеток во 19:00 часот ТОБИ - 17.01.2026 Купи карта Почеток во 19:00ч ТОМ СОЕР - 22.01.2026 Купи карта Почеток во 19:00ч КУЌАТА НА ДУХОВИТЕ - 23.01.2026 Купи карта Почеток во 19:00 часот ЦВЕТНАТА УЛИЦА - 24.01.2026 Купи карта Почеток во 19:00 часот ЧЕЛИНЏ - 28.01.2026 Купи карта Почеток во 20:00 часот ЦРВЕНКАПА - 29.01.2026 Купи карта Почеток во 19:00 часот РОЊА, ЌЕРКАТА НА ОГРАБУВАЧОТ - 30.01.2026 Купи карта Почеток во 19:00 часот ПЕПЕЛАШКА - 31.01.2026 Купи карта Почеток во 19:00 часот ОСТАНАТИ ТЕКОВНИ НАСТАНИ Драмски Театар Месечен репертоар 500 мкд karti.com.mk © 2026. Сите права задржани.",500 мкд,info@karti.com.mk,театар,500 мкд,"info@karti.com.mk MK EN ПОЧЕТНА МОБИЛНА АПП ПРОДАЖНИ МЕСТА УСЛОВИ КАКО ДА КУПАМ ЧПП КОНТАКТ Театар за деца и младинци *ТЕАТАРОТ ГО ЗАДРЖУВА ПРАВОТО ЗА ПРОМЕНА НА РЕПЕРТОАРОТ Замена на купените online ваучери се врши на билетарата во Театар за деца и младинци од вторник до недела. Репертоар за месец Декември Репертоар за месец Јануари ХАЈДИ - 09.01.2026 Купи карта КОЈА Е ЛОРЕТ - 10.01.2026 Купи карта ДВАНАЕСЕТТЕ МЕСЕЦИ - 15.01.2026 Купи карта МАЧОРОТ ВО ЧИЗМИ - 16.01.2026 Купи карта ТОБИ - 17.01.2026 Купи карта ТОМ СОЕР - 22.01.2026 Купи карта КУЌАТА НА ДУХОВИТЕ - 23.01.2026 Купи карта ЦВЕТНАТА УЛИЦА - 24.01.2026 Купи карта ЧЕЛИНЏ - 28.01.2026 Купи карта ЦРВЕНКАПА - 29.01.2026 Купи карта РОЊА, ЌЕРКАТА НА ОГРАБУВАЧОТ - 30.01.2026 Купи карта ПЕПЕЛАШКА - 31.01.2026 Купи карта ОСТАНАТИ ТЕКОВНИ НАСТАНИ ДРАМСКИ ТЕАТАР МЕСЕЧЕН РЕПЕРТОАР 500 мкд karti.com.mk © 2026. Сите права задржани.",
477a44a6442b1e3a438d8f46247e53fa,https://www.karti.com.mk/dramski-teatar.nspx,ДРАМСКИ ТЕАТАР,,,,МЕСЕЧЕН РЕПЕРТОАР,МЕСЕЧЕН РЕПЕРТОАР,https://www.karti.com.mk/dramski-teatar.nspx,500,500,500,MKD,False,info@karti.com.mk MK EN ПОЧЕТНА МОБИЛНА АПП ПРОДАЖНИ МЕСТА УСЛОВИ КАКО ДА КУПАМ ЧПП КОНТАКТ Драмски Театар ТЕАТАРОТ ГО ЗАДРЖУВА ПРАВОТО ЗА ПРОМЕНА НА РЕПЕРТОАРОТ Репертоар за месец Јануари ЧУДЕСНА ТЕРАПИЈА - 21.01.2026 Купи карта ПАРОВИ - 22.01.2026 Купи карта КУРШУМИ НАД БРОДВЕЈ - 23.01.2026 Купи карта БОЛВА В УВО - 24.01.2026 Купи карта ГИДИОНOВИОТ ЈАЗОЛ - 28.01.2026 Купи карта ФАМИЛИЈАТА АДАМС - 29.01.2026 Купи карта БОЛВА В УВО - 30.01.2026 Купи карта ОСТАНАТИ ТЕКОВНИ НАСТАНИ ТЕАТАР ЗА ДЕЦА И МЛАДИНЦИ МЕСЕЧЕН РЕПЕРТОАР 300 мкд karti.com.mk © 2026. Сите права задржани.,Театар,МЕСЕЧЕН РЕПЕРТОАР,https://www.karti.com.mk/content/dramski-novo-logo.jpg?ver001,2026-01-08T00:16:28.022688,500,False,ДРАМСКИ ТЕАТАР - karti.com.mk info@karti.com.mk MK EN Toggle navigationПОЧЕТНАМОБИЛНА АПППРОДАЖНИ МЕСТАУСЛОВИКАКО ДА КУПАМЧППКОНТАКТ Toggle navigationПОЧЕТНАМОБИЛНА АПППРОДАЖНИ МЕСТАУСЛОВИКАКО ДА КУПАМЧППКОНТАКТ Драмски Театар ТЕАТАРОТ ГО ЗАДРЖУВА ПРАВОТО ЗА ПРОМЕНА НА РЕПЕРТОАРОТРепертоар за месец Јануари ЧУДЕСНА ТЕРАПИЈА - 21.01.2026 Купи карта Почнува во 20:00 часот ПАРОВИ - 22.01.2026 Купи карта Почеток во 20:00 часот КУРШУМИ НАД БРОДВЕЈ - 23.01.2026 Купи карта Почеток во 20:00 часот БОЛВА В УВО - 24.01.2026 Купи карта Почеток во 20:00 часот ГИДИОНOВИОТ ЈАЗОЛ - 28.01.2026 Купи карта Почеток во 20:00 часот ФАМИЛИЈАТА АДАМС - 29.01.2026 Купи карта Почеток во 20:00 часот БОЛВА В УВО - 30.01.2026 Купи карта ОСТАНАТИ ТЕКОВНИ НАСТАНИ Театар за Деца и Младинци Месечен репертоар 300 мкд karti.com.mk © 2026. Сите права задржани.,300 мкд,info@karti.com.mk,театар,300 мкд,info@karti.com.mk MK EN ПОЧЕТНА МОБИЛНА АПП ПРОДАЖНИ МЕСТА УСЛОВИ КАКО ДА КУПАМ ЧПП КОНТАКТ Драмски Театар ТЕАТАРОТ ГО ЗАДРЖУВА ПРАВОТО ЗА ПРОМЕНА НА РЕПЕРТОАРОТ Репертоар за месец Јануари ЧУДЕСНА ТЕРАПИЈА - 21.01.2026 Купи карта ПАРОВИ - 22.01.2026 Купи карта КУРШУМИ НАД БРОДВЕЈ - 23.01.2026 Купи карта БОЛВА В УВО - 24.01.2026 Купи карта ГИДИОНOВИОТ ЈАЗОЛ - 28.01.2026 Купи карта ФАМИЛИЈАТА АДАМС - 29.01.2026 Купи карта БОЛВА В УВО - 30.01.2026 Купи карта ОСТАНАТИ ТЕКОВНИ НАСТАНИ ТЕАТАР ЗА ДЕЦА И МЛАДИНЦИ МЕСЕЧЕН РЕПЕРТОАР 300 мкд karti.com.mk © 2026. Сите права задржани.,
055697de56e53ecdc56c966b32d0c167,https://www.karti.com.mk/turski-teatar.nspx,ТУРСКИ ТЕАТАР / MK TÜRK TIYATROSU-ÜSKÜP,,,,МЕСЕЧЕН РЕПЕРТОАР,МЕСЕЧЕН РЕПЕРТОАР,https://www.karti.com.mk/turski-teatar.nspx,300-400,300,400,MKD,False,info@karti.com.mk MK EN ПОЧЕТНА МОБИЛНА АПП ПРОДАЖНИ МЕСТА УСЛОВИ КАКО ДА КУПАМ ЧПП КОНТАКТ Bir Evlenme / Женидба - Премиера Купи карта Bir Evlenme / Женидба - 22.12.2025 Купи карта ОСТАНАТИ ТЕКОВНИ НАСТАНИ karti.com.mk © 2026. Сите права задржани.,Театар,,https://www.karti.com.mk/content/turski3333.jpg?ver001,2026-01-08T00:16:28.093377,300-400,False,Turski Teatar - karti.com.mk info@karti.com.mk MK EN Toggle navigationПОЧЕТНАМОБИЛНА АПППРОДАЖНИ МЕСТАУСЛОВИКАКО ДА КУПАМЧППКОНТАКТ Toggle navigationПОЧЕТНАМОБИЛНА АПППРОДАЖНИ МЕСТАУСЛОВИКАКО ДА КУПАМЧППКОНТАКТ Bir Evlenme / Женидба - Премиера Купи карта Почеток во 20:00 часот Bir Evlenme / Женидба - 22.12.2025 Купи карта Почеток во 20:00 часот ОСТАНАТИ ТЕКОВНИ НАСТАНИ karti.com.mk © 2026. Сите права задржани.,,info@karti.com.mk,,,info@karti.com.mk MK EN ПОЧЕТНА МОБИЛНА АПП ПРОДАЖНИ МЕСТА УСЛОВИ КАКО ДА КУПАМ ЧПП КОНТАКТ Bir Evlenme / Женидба - Премиера Купи карта Bir Evlenme / Женидба - 22.12.2025 Купи карта ОСТАНАТИ ТЕКОВНИ НАСТАНИ karti.com.mk © 2026. Сите права задржани.,
66ada436d5c5bec018c82464fabdeb61,https://www.karti.com.mk/deep-purple.nspx,DEEP PURPLE,"11 
October
 2026",,,ARENA BORIS TRAJKOVSKI,ARENA BORIS TRAJKOVSKI,https://www.karti.com.mk/deep-purple.nspx,1990-4000,1990,4000,MKD,False,"info@karti.com.mk MK EN ПОЧЕТНА МОБИЛНА АПП ПРОДАЖНИ МЕСТА УСЛОВИ КАКО ДА КУПАМ ЧПП КОНТАКТ October 11 Купи карта 1990-4000 мкд 20:00 Арена Борис Трајковски, Скопје ОСТАНАТИ ТЕКОВНИ НАСТАНИ 07 Април 2026 LORD OF THE DANCE АРЕНА БОРИС ТРАЈКОВСКИ, СКОПЈЕ 1500-4500 мкд karti.com.mk © 2026. Сите права задржани.",Концерт,"АРЕНА БОРИС ТРАЈКОВСКИ, СКОПЈЕ",https://www.karti.com.mk/content/dsda_1.jpg?ver001,2026-01-08T00:16:28.163797,1990-4000,False,"DEEP PURPLE - karti.com.mk info@karti.com.mk MK EN Toggle navigationПОЧЕТНАМОБИЛНА АПППРОДАЖНИ МЕСТАУСЛОВИКАКО ДА КУПАМЧППКОНТАКТ Toggle navigationПОЧЕТНАМОБИЛНА АПППРОДАЖНИ МЕСТАУСЛОВИКАКО ДА КУПАМЧППКОНТАКТ Наслов October 11 Купи карта 1990-4000 мкд 20:00 Арена Борис Трајковски, Скопје ОСТАНАТИ ТЕКОВНИ НАСТАНИ 07 Април 2026 Lord of the Dance Арена Борис Трајковски, Скопје 1500-4500 мкд karti.com.mk © 2026. Сите права задржани.",1990-4000 мкд | 1500-4500 мкд | 4000 мкд | 4500 мкд,info@karti.com.mk,забава,"1990-4000 мкд, 1500-4500 мкд, 4000 мкд, 4500 мкд","info@karti.com.mk MK EN ПОЧЕТНА МОБИЛНА АПП ПРОДАЖНИ МЕСТА УСЛОВИ КАКО ДА КУПАМ ЧПП КОНТАКТ October 11 Купи карта 1990-4000 мкд 20:00 Арена Борис Трајковски, Скопје ОСТАНАТИ ТЕКОВНИ НАСТАНИ 07 Април 2026 LORD OF THE DANCE АРЕНА БОРИС ТРАЈКОВСКИ, СКОПЈЕ 1500-4500 мкд karti.com.mk © 2026. Сите права задржани.",20:00
c99b0c6e3c91743e9b28c6b6a6e3b4a6,https://www.karti.com.mk/joss-stone.nspx,JOSS STONE,2026-07-21,,,АРМ СТАДИОН,АРМ СТАДИОН,https://www.karti.com.mk/joss-stone.nspx,1990-2990,1990,2990,MKD,False,info@karti.com.mk MK EN ПОЧЕТНА МОБИЛНА АПП ПРОДАЖНИ МЕСТА УСЛОВИ КАКО ДА КУПАМ ЧПП КОНТАКТ Јули 21 Купи карта 1990-2990 мкд 21:00 АРМ СТАДИОН ОСТАНАТИ ТЕКОВНИ НАСТАНИ ДРАМСКИ ТЕАТАР МЕСЕЧЕН РЕПЕРТОАР 500 мкд karti.com.mk © 2026. Сите права задржани.,Концерт,МЕСЕЧЕН РЕПЕРТОАР,https://www.karti.com.mk/content/JOSSSTONE333777.jpg?ver001,2026-01-08T00:16:28.232866,1990-2990,False,JOSS STONE - karti.com.mk info@karti.com.mk MK EN Toggle navigationПОЧЕТНАМОБИЛНА АПППРОДАЖНИ МЕСТАУСЛОВИКАКО ДА КУПАМЧППКОНТАКТ Toggle navigationПОЧЕТНАМОБИЛНА АПППРОДАЖНИ МЕСТАУСЛОВИКАКО ДА КУПАМЧППКОНТАКТ JOSS STONE Јули 21 Купи карта 1990-2990 мкд 21:00 АРМ СТАДИОН ОСТАНАТИ ТЕКОВНИ НАСТАНИ Драмски Театар Месечен репертоар 500 мкд karti.com.mk © 2026. Сите права задржани.,1990-2990 мкд | 2990 мкд | 500 мкд,info@karti.com.mk,театар,"1990-2990 мкд, 2990 мкд, 500 мкд",info@karti.com.mk MK EN ПОЧЕТНА МОБИЛНА АПП ПРОДАЖНИ МЕСТА УСЛОВИ КАКО ДА КУПАМ ЧПП КОНТАКТ Јули 21 Купи карта 1990-2990 мкд 21:00 АРМ СТАДИОН ОСТАНАТИ ТЕКОВНИ НАСТАНИ ДРАМСКИ ТЕАТАР МЕСЕЧЕН РЕПЕРТОАР 500 мкд karti.com.mk © 2026. Сите права задржани.,21:00
c33c98ccc1c7fd509b43fc01294fddb8,https://www.karti.com.mk/bajaga-instruktori-i-vlado-janevski-band.nspx,БАЈАГА & ИНСТРУКТОРИ И ВЛАДО ЈАНЕВСКИ & BAND!,"14 
Февруару
 2026",,,"АРЕНА БОРИС ТРАЈКОВСКИ, СКОПЈЕ","АРЕНА БОРИС ТРАЈКОВСКИ, СКОПЈЕ",https://www.karti.com.mk/bajaga-instruktori-i-vlado-janevski-band.nspx,790-200,790,200,MKD,False,"info@karti.com.mk MK EN ПОЧЕТНА МОБИЛНА АПП ПРОДАЖНИ МЕСТА УСЛОВИ КАКО ДА КУПАМ ЧПП КОНТАКТ Февруари 14 Купи карта 790-2000 мкд 20:00 Арена Борис Трајковски, Скопје СПЕЦИЈАЛЕН ПОЧЕТОК НА НОВАТА КОНЦЕРТНА 2026 ГОДИНА: ЗАЕДНИЧКИ КОНЦЕРТ НА ДВАЈЦАТА ГОЛЕМИ БАЛКАНСКИ ХИТМЕЈКЕРИ: БАЈАГА & ИНСТРУКТОРИ И ВЛАДО ЈАНЕВСКИ & BAND! ЧЕТИРИЧАСОВЕН НАСТАН, ЗА ЕДЕН СОСЕМА ПОИНАКОВ СВЕТИ ВАЛЕНТИН & СВЕТИ ТРИФУН! 14 ФЕВРУАРИ АРЕНА БОРИС ТРАЈКОВСКИ 20 ЧАСОТ Драги наши, Во време на годината кога сме опкружени со некои „чудни“ и уште почудно ,,спектакуларни"" концерти, задоволство ни е да Ви го најавиме првиот проект на Авалон за 2026. За еден поинаков Св. Валентин и Св. Трипун; Заедно на ЕДНА СЦЕНА, и само ЕДНА ВЕЧЕР, двајцата реално најголеми хитмејкери БАЈАГА и ВЛАДО ЈАНЕВСКИ со голем заеднички концерт на 14 ФЕВРУАРИ ВО АРЕНА БОРИС ТРАЈКОВСКИ! Повеќе од 4 часа - само хитови! Кои и какви, нема потреба да набројуваме, сите знаеме. Би сакале да нагласиме дека и Бајага и Владо веднаш ја прифатија оваа идеја, со големо задоволство и почит за другиот и неговиот лик и дело. Вечерта ќе ја отвори Владо Јаневски со целовечерен настап со својот фантастичен бенд, а потоа продолжуваат Бајага и Инструктори исто со целовечерен концерт! Се гледаме на 14 февруари, на реално досега недоживеани Свети Валентин & Свети Трифун во Македонија! Ваша, Avalon International Booking ОСТАНАТИ ТЕКОВНИ НАСТАНИ karti.com.mk © 2026. Сите права задржани.",Концерт,,https://www.karti.com.mk/content/bajagavlado333.jpg?ver001,2026-01-08T00:16:28.296442,790-200,False,"БАЈАГА & ИНСТРУКТОРИ И ВЛАДО ЈАНЕВСКИ & BAND! - karti.com.mk info@karti.com.mk MK EN Toggle navigationПОЧЕТНАМОБИЛНА АПППРОДАЖНИ МЕСТАУСЛОВИКАКО ДА КУПАМЧППКОНТАКТ Toggle navigationПОЧЕТНАМОБИЛНА АПППРОДАЖНИ МЕСТАУСЛОВИКАКО ДА КУПАМЧППКОНТАКТ БАЈАГА & ИНСТРУКТОРИ И ВЛАДО ЈАНЕВСКИ & BAND! Февруари 14 Купи карта 790-2000 мкд 20:00 Арена Борис Трајковски, Скопје СПЕЦИЈАЛЕН ПОЧЕТОК НА НОВАТА КОНЦЕРТНА 2026 ГОДИНА: ЗАЕДНИЧКИ КОНЦЕРТ НА ДВАЈЦАТА ГОЛЕМИ БАЛКАНСКИ ХИТМЕЈКЕРИ: БАЈАГА & ИНСТРУКТОРИ И ВЛАДО ЈАНЕВСКИ & BAND! ЧЕТИРИЧАСОВЕН НАСТАН, ЗА ЕДЕН СОСЕМА ПОИНАКОВ СВЕТИ ВАЛЕНТИН & СВЕТИ ТРИФУН! 14 ФЕВРУАРИ АРЕНА БОРИС ТРАЈКОВСКИ 20 ЧАСОТ Драги наши, Во време на годината кога сме опкружени со некои „чудни“ и уште почудно ,,спектакуларни"" концерти, задоволство ни е да Ви го најавиме првиот проект на Авалон за 2026. За еден поинаков Св. Валентин и Св. Трипун; Заедно на ЕДНА СЦЕНА, и само ЕДНА ВЕЧЕР, двајцата реално најголеми хитмејкери БАЈАГА и ВЛАДО ЈАНЕВСКИ со голем заеднички концерт на 14 ФЕВРУАРИ ВО АРЕНА БОРИС ТРАЈКОВСКИ! Повеќе од 4 часа - само хитови! Кои и какви, нема потреба да набројуваме, сите знаеме. Би сакале да нагласиме дека и Бајага и Владо веднаш ја прифатија оваа идеја, со големо задоволство и почит за другиот и неговиот лик и дело. Вечерта ќе ја отвори Владо Јаневски со целовечерен настап со својот фантастичен бенд, а потоа продолжуваат Бајага и Инструктори исто со целовечерен концерт! Се гледаме на 14 февруари, на реално досега недоживеани Свети Валентин & Свети Трифун во Македонија! Ваша, Avalon International Booking ОСТАНАТИ ТЕКОВНИ НАСТАНИ karti.com.mk © 2026. Сите права задржани.",790-2000 мкд | 2000 мкд,info@karti.com.mk,концерт,"790-2000 мкд, 2000 мкд","info@karti.com.mk MK EN ПОЧЕТНА МОБИЛНА АПП ПРОДАЖНИ МЕСТА УСЛОВИ КАКО ДА КУПАМ ЧПП КОНТАКТ Февруари 14 Купи карта 790-2000 мкд 20:00 Арена Борис Трајковски, Скопје СПЕЦИЈАЛЕН ПОЧЕТОК НА НОВАТА КОНЦЕРТНА 2026 ГОДИНА: ЗАЕДНИЧКИ КОНЦЕРТ НА ДВАЈЦАТА ГОЛЕМИ БАЛКАНСКИ ХИТМЕЈКЕРИ: БАЈАГА & ИНСТРУКТОРИ И ВЛАДО ЈАНЕВСКИ & BAND! ЧЕТИРИЧАСОВЕН НАСТАН, ЗА ЕДЕН СОСЕМА ПОИНАКОВ СВЕТИ ВАЛЕНТИН & СВЕТИ ТРИФУН! 14 ФЕВРУАРИ АРЕНА БОРИС ТРАЈКОВСКИ 20 ЧАСОТ Драги наши, Во време на годината кога сме опкружени со некои „чудни“ и уште почудно ,,спектакуларни"" концерти, задоволство ни е да Ви го најавиме првиот проект на Авалон за 2026. За еден поинаков Св. Валентин и Св. Трипун; Заедно на ЕДНА СЦЕНА, и само ЕДНА ВЕЧЕР, двајцата реално најголеми хитмејкери БАЈАГА и ВЛАДО ЈАНЕВСКИ со голем заеднички концерт на 14 ФЕВРУАРИ ВО АРЕНА БОРИС ТРАЈКОВСКИ! Повеќе од 4 часа - само хитови! Кои и какви, нема потреба да набројуваме, сите знаеме. Би сакале да нагласиме дека и Бајага и Владо веднаш ја прифатија оваа идеја, со големо задоволство и почит за другиот и неговиот лик и дело. Вечерта ќе ја отвори Владо Јаневски со целовечерен настап со својот фантастичен бенд, а потоа продолжуваат Бајага и Инструктори исто со целовечерен концерт! Се гледаме на 14 февруари, на реално досега недоживеани Свети Валентин & Свети Трифун во Македонија! Ваша, Avalon International Booking ОСТАНАТИ ТЕКОВНИ НАСТАНИ karti.com.mk © 2026. Сите права задржани.",20:00
1697178d4e9eab5f1bfb7da5b2be380d,https://www.karti.com.mk/jakov-jozinovikj-ja-za-uda-letim.nspx,ЈАКОВ ЈОЗИНОВИЌ „JA ZA ČUDA LETIM“,2026-04-09,,,"СЦ ЈАНЕ САНДАНСКИ, СКОПЈЕ","СЦ ЈАНЕ САНДАНСКИ, СКОПЈЕ",https://www.karti.com.mk/jakov-jozinovikj-ja-za-uda-letim.nspx,1600-2400,1600,2400,MKD,False,"info@karti.com.mk MK EN ПОЧЕТНА МОБИЛНА АПП ПРОДАЖНИ МЕСТА УСЛОВИ КАКО ДА КУПАМ ЧПП КОНТАКТ Април 09 Купи карта 1600-2400 мкд 20:00 СЦ Јане Сандански ЈАКОВ ЈОЗИНОВИЌ ЗА ПРВПАТ ВО МАКЕДОНИЈА! ✨🎤 Регионалната сензација Јаков Јозиновиќ ја најавува својата турнеја за 2026 година „Ja za čuda letim“, во чии рамки за првпат ќе настапи во Скопје – на 9 април во Арена „Јане Сандански“! Пред неколку дена Јаков го објави својот прв сингл „Polje ruža“, со кој најави ново поглавје во својата музичка кариера, а денес и официјално ја објавува својата голема регионална турнеја. Турнејата вклучува концерти во Арена Загреб, дури пет концерти во Сава Центар (Белград), како и настапи во Скопје, Нови Сад, Риека, Сплит, Осиек и Љубљана. По низа распродадени концерти и извонредни успеси во земјата и странство, Јаков Јозиновиќ уште еднаш докажува дека е една од најголемите сензации на современата музичка сцена во регионот. ОСТАНАТИ ТЕКОВНИ НАСТАНИ 25 Декември 2025 МЕМОРИЈА МКЦ ДАНСИНГ САЛА, СКОПЈЕ 1000 мкд karti.com.mk © 2026. Сите права задржани.",Концерт,"МКЦ ДАНСИНГ САЛА, СКОПЈЕ",https://www.karti.com.mk/content/ioo.jpg?ver001,2026-01-08T00:16:28.362044,1600-2400,False,"ЈАКОВ ЈОЗИНОВИЌ „Ja za čuda letim“ - karti.com.mk info@karti.com.mk MK EN Toggle navigationПОЧЕТНАМОБИЛНА АПППРОДАЖНИ МЕСТАУСЛОВИКАКО ДА КУПАМЧППКОНТАКТ Toggle navigationПОЧЕТНАМОБИЛНА АПППРОДАЖНИ МЕСТАУСЛОВИКАКО ДА КУПАМЧППКОНТАКТ Наслов Април 09 Купи карта 1600-2400 мкд 20:00 СЦ Јане Сандански ЈАКОВ ЈОЗИНОВИЌ ЗА ПРВПАТ ВО МАКЕДОНИЈА! ✨🎤 Регионалната сензација Јаков Јозиновиќ ја најавува својата турнеја за 2026 година „Ja za čuda letim“, во чии рамки за првпат ќе настапи во Скопје – на 9 април во Арена „Јане Сандански“! Пред неколку дена Јаков го објави својот прв сингл „Polje ruža“, со кој најави ново поглавје во својата музичка кариера, а денес и официјално ја објавува својата голема регионална турнеја. Турнејата вклучува концерти во Арена Загреб, дури пет концерти во Сава Центар (Белград), како и настапи во Скопје, Нови Сад, Риека, Сплит, Осиек и Љубљана. По низа распродадени концерти и извонредни успеси во земјата и странство, Јаков Јозиновиќ уште еднаш докажува дека е една од најголемите сензации на современата музичка сцена во регионот. ОСТАНАТИ ТЕКОВНИ НАСТАНИ 25 Декември 2025 МЕМОРИЈА МКЦ Дансинг сала, Скопје 1000 мкд karti.com.mk © 2026. Сите права задржани.",1600-2400 мкд | 2400 мкд | 1000 мкд,info@karti.com.mk,концерт,"1600-2400 мкд, 2400 мкд, 1000 мкд","info@karti.com.mk MK EN ПОЧЕТНА МОБИЛНА АПП ПРОДАЖНИ МЕСТА УСЛОВИ КАКО ДА КУПАМ ЧПП КОНТАКТ Април 09 Купи карта 1600-2400 мкд 20:00 СЦ Јане Сандански ЈАКОВ ЈОЗИНОВИЌ ЗА ПРВПАТ ВО МАКЕДОНИЈА! ✨🎤 Регионалната сензација Јаков Јозиновиќ ја најавува својата турнеја за 2026 година „Ja za čuda letim“, во чии рамки за првпат ќе настапи во Скопје – на 9 април во Арена „Јане Сандански“! Пред неколку дена Јаков го објави својот прв сингл „Polje ruža“, со кој најави ново поглавје во својата музичка кариера, а денес и официјално ја објавува својата голема регионална турнеја. Турнејата вклучува концерти во Арена Загреб, дури пет концерти во Сава Центар (Белград), како и настапи во Скопје, Нови Сад, Риека, Сплит, Осиек и Љубљана. По низа распродадени концерти и извонредни успеси во земјата и странство, Јаков Јозиновиќ уште еднаш докажува дека е една од најголемите сензации на современата музичка сцена во регионот. ОСТАНАТИ ТЕКОВНИ НАСТАНИ 25 Декември 2025 МЕМОРИЈА МКЦ ДАНСИНГ САЛА, СКОПЈЕ 1000 мкд karti.com.mk © 2026. Сите права задржани.",20:00
6e887e60c29ee802c9c80925afcf32fb,https://www.karti.com.mk/rade-sherbedzija-i-zapadni-kolodvor.nspx,РАДЕ ШЕРБЕЏИЈА И ЗАПАДНИ КОЛОДВОР,2025-01-23,,,"ФИЛХАРМОНИЈА, СКОПЈЕ","ФИЛХАРМОНИЈА, СКОПЈЕ",https://www.karti.com.mk/rade-sherbedzija-i-zapadni-kolodvor.nspx,1500,1500,1500,MKD,False,"info@karti.com.mk MK EN ПОЧЕТНА МОБИЛНА АПП ПРОДАЖНИ МЕСТА УСЛОВИ КАКО ДА КУПАМ ЧПП КОНТАКТ Јануари 23 Купи карта 1500 мкд 20:00 Филхармонија, Скопје РАДЕ ШЕРБЕЏИЈА И ЗАПАДНИ КОЛОДВОР Еден од најхаризматичните уметници на овие простори, Раде Шербеџија, заедно со својот бенд Западни колодвор, доаѓа во Скопје, на концерт кој носи вечер на силни емоции, поезија, музика и сеќавања. Раде Шербеџија со децении гради единствен уметнички свет во кој театарот, филмот, поезијата и музиката природно се преплетуваат. Неговите концерти не се само музички настапи – тие се интимни средби со публиката, приказни за љубовта, загубата, слободата, носталгијата и човечката судбина, раскажани со глас што носи искуство и вистина. Раде Шербеџија доаѓа во Скопје со концерт кој го надминува класичниот музички настап и се претвора во вечер на поезија, емоции и вистина. Со бендот Западни колодвор, Шербеџија изведува песни и стихови кои зборуваат тивко, но погодуваат длабоко – за љубовта, минливоста, сеќавањето и слободата. Неговиот препознатлив глас и ненаметлива сценска присутност создаваат интимна атмосфера во која публиката станува дел од приказната. Специјални гости на концертот ќе бидат групата Skopje Via, со кои Раде Шербеџија неодамна ја сними песната „Кога умира љубовта“. Токму оваа песна премиерно ќе биде изведена во живо на овој концерт во Филхармонија, правејќи ја вечерта уште посебна и единствена. Концертот во Скопје ќе биде можност публиката да доживее вечер во која се бришат границите меѓу сцената и гледалиштето, меѓу музиката и животот. Раде Шербеџија и Западни колодвор носат атмосфера на топлина, блискост и искрена емоција, каква што ретко се среќава на современите концерти. ОСТАНАТИ ТЕКОВНИ НАСТАНИ 09 Април 2026 ЈАКОВ ЈОЗИНОВИЌ „JA ZA ČUDA LETIM“ СЦ ЈАНЕ САНДАНСКИ, СКОПЈЕ 1600-2400 мкд karti.com.mk © 2026. Сите права задржани.",Филхармонија,"СЦ ЈАНЕ САНДАНСКИ, СКОПЈЕ",https://www.karti.com.mk/content/rade333.jpg?ver001,2026-01-08T00:16:28.428551,1500,False,"РАДЕ ШЕРБЕЏИЈА И ЗАПАДНИ КОЛОДВОР - karti.com.mk info@karti.com.mk MK EN Toggle navigationПОЧЕТНАМОБИЛНА АПППРОДАЖНИ МЕСТАУСЛОВИКАКО ДА КУПАМЧППКОНТАКТ Toggle navigationПОЧЕТНАМОБИЛНА АПППРОДАЖНИ МЕСТАУСЛОВИКАКО ДА КУПАМЧППКОНТАКТ РАДЕ ШЕРБЕЏИЈА И ЗАПАДНИ КОЛОДВОР Јануари 23 Купи карта 1500 мкд 20:00 Филхармонија, Скопје РАДЕ ШЕРБЕЏИЈА И ЗАПАДНИ КОЛОДВОР Еден од најхаризматичните уметници на овие простори, Раде Шербеџија, заедно со својот бенд Западни колодвор, доаѓа во Скопје, на концерт кој носи вечер на силни емоции, поезија, музика и сеќавања. Раде Шербеџија со децении гради единствен уметнички свет во кој театарот, филмот, поезијата и музиката природно се преплетуваат. Неговите концерти не се само музички настапи – тие се интимни средби со публиката, приказни за љубовта, загубата, слободата, носталгијата и човечката судбина, раскажани со глас што носи искуство и вистина. Раде Шербеџија доаѓа во Скопје со концерт кој го надминува класичниот музички настап и се претвора во вечер на поезија, емоции и вистина. Со бендот Западни колодвор, Шербеџија изведува песни и стихови кои зборуваат тивко, но погодуваат длабоко – за љубовта, минливоста, сеќавањето и слободата. Неговиот препознатлив глас и ненаметлива сценска присутност создаваат интимна атмосфера во која публиката станува дел од приказната. Специјални гости на концертот ќе бидат групата Skopje Via, со кои Раде Шербеџија неодамна ја сними песната „Кога умира љубовта“. Токму оваа песна премиерно ќе биде изведена во живо на овој концерт во Филхармонија, правејќи ја вечерта уште посебна и единствена. Концертот во Скопје ќе биде можност публиката да доживее вечер во која се бришат границите меѓу сцената и гледалиштето, меѓу музиката и животот. Раде Шербеџија и Западни колодвор носат атмосфера на топлина, блискост и искрена емоција, каква што ретко се среќава на современите концерти. ОСТАНАТИ ТЕКОВНИ НАСТАНИ 09 Април 2026 ЈАКОВ ЈОЗИНОВИЌ „Ja za čuda letim“ СЦ Јане Сандански, Скопје 1600-2400 мкд karti.com.mk © 2026. Сите права задржани.",1600-2400 мкд | 1500 мкд | 2400 мкд,info@karti.com.mk,концерт,"1600-2400 мкд, 1500 мкд, 2400 мкд","info@karti.com.mk MK EN ПОЧЕТНА МОБИЛНА АПП ПРОДАЖНИ МЕСТА УСЛОВИ КАКО ДА КУПАМ ЧПП КОНТАКТ Јануари 23 Купи карта 1500 мкд 20:00 Филхармонија, Скопје РАДЕ ШЕРБЕЏИЈА И ЗАПАДНИ КОЛОДВОР Еден од најхаризматичните уметници на овие простори, Раде Шербеџија, заедно со својот бенд Западни колодвор, доаѓа во Скопје, на концерт кој носи вечер на силни емоции, поезија, музика и сеќавања. Раде Шербеџија со децении гради единствен уметнички свет во кој театарот, филмот, поезијата и музиката природно се преплетуваат. Неговите концерти не се само музички настапи – тие се интимни средби со публиката, приказни за љубовта, загубата, слободата, носталгијата и човечката судбина, раскажани со глас што носи искуство и вистина. Раде Шербеџија доаѓа во Скопје со концерт кој го надминува класичниот музички настап и се претвора во вечер на поезија, емоции и вистина. Со бендот Западни колодвор, Шербеџија изведува песни и стихови кои зборуваат тивко, но погодуваат длабоко – за љубовта, минливоста, сеќавањето и слободата. Неговиот препознатлив глас и ненаметлива сценска присутност создаваат интимна атмосфера во која публиката станува дел од приказната. Специјални гости на концертот ќе бидат групата Skopje Via, со кои Раде Шербеџија неодамна ја сними песната „Кога умира љубовта“. Токму оваа песна премиерно ќе биде изведена во живо на овој концерт во Филхармонија, правејќи ја вечерта уште посебна и единствена. Концертот во Скопје ќе биде можност публиката да доживее вечер во која се бришат границите меѓу сцената и гледалиштето, меѓу музиката и животот. Раде Шербеџија и Западни колодвор носат атмосфера на топлина, блискост и искрена емоција, каква што ретко се среќава на современите концерти. ОСТАНАТИ ТЕКОВНИ НАСТАНИ 09 Април 2026 ЈАКОВ ЈОЗИНОВИЌ „JA ZA ČUDA LETIM“ СЦ ЈАНЕ САНДАНСКИ, СКОПЈЕ 1600-2400 мкд karti.com.mk © 2026. Сите права задржани.",20:00
a574451589b1fe9a0b0ecbe0679fbab7,https://www.karti.com.mk/the-lord-of-the-rings-the-hobbit-in-concert.nspx,THE LORD OF THE RINGS & THE HOBBIT – IN CONCERT,"10 
Maj
 2026",,,"ФИЛХАРМОНИЈА, СКОПЈЕ","ФИЛХАРМОНИЈА, СКОПЈЕ",https://www.karti.com.mk/the-lord-of-the-rings-the-hobbit-in-concert.nspx,3800-4950,3800,4950,MKD,False,"info@karti.com.mk MK EN ПОЧЕТНА МОБИЛНА АПП ПРОДАЖНИ МЕСТА УСЛОВИ КАКО ДА КУПАМ ЧПП КОНТАКТ Мај 10 Купи карта 3800-4950 мкд 17:00 Македонска Филхармонија - Скопје THE LORD OF THE RINGS & THE HOBBIT – IN CONCERT 🧙🏾‍♂ Хобитите доаѓаат! Доживејте ги Господарот на прстените, Хобит и Прстените на моќта во спектакуларна концертна вечер, претставена од специјален гостин од филмовите! Уживајте во уникатните музички светови на Џ. Р. Р. Толкин – од заканувачките тонови на Мордор и нападите на Црните јавачи, до прекрасните, лирски мелодии на елфите. Специјален гостин од оригиналните филмови ја води публиката низ програмата, а во концертот се користи и гласот на легендарниот Сер Кристофер Ли како Саруман, што дополнително го збогатува доживувањето. 🧚🏼 Ова е единствената филмско-музичка серија во светот со гости од филмовите Господарот на прстените и Хобит. Обезбедете ги вашите омилени места додека сè уште се достапни! 🎟 ОСТАНАТИ ТЕКОВНИ НАСТАНИ 11 October 2026 DEEP PURPLE ARENA BORIS TRAJKOVSKI 1990-4000 мкд karti.com.mk © 2026. Сите права задржани.",Концерт,ARENA BORIS TRAJKOVSKI,https://www.karti.com.mk/content/LOTRrr.jpeg?ver001,2026-01-08T00:16:28.493567,3800-4950,False,"The Lord of the Rings & The Hobbit – In Concert - karti.com.mk info@karti.com.mk MK EN Toggle navigationПОЧЕТНАМОБИЛНА АПППРОДАЖНИ МЕСТАУСЛОВИКАКО ДА КУПАМЧППКОНТАКТ Toggle navigationПОЧЕТНАМОБИЛНА АПППРОДАЖНИ МЕСТАУСЛОВИКАКО ДА КУПАМЧППКОНТАКТ Наслов Мај 10 Купи карта 3800-4950 мкд 17:00 Македонска Филхармонија - Скопје THE LORD OF THE RINGS & THE HOBBIT – IN CONCERT 🧙🏾‍♂ Хобитите доаѓаат! Доживејте ги Господарот на прстените, Хобит и Прстените на моќта во спектакуларна концертна вечер, претставена од специјален гостин од филмовите! Уживајте во уникатните музички светови на Џ. Р. Р. Толкин – од заканувачките тонови на Мордор и нападите на Црните јавачи, до прекрасните, лирски мелодии на елфите. Специјален гостин од оригиналните филмови ја води публиката низ програмата, а во концертот се користи и гласот на легендарниот Сер Кристофер Ли како Саруман, што дополнително го збогатува доживувањето. 🧚🏼 Ова е единствената филмско-музичка серија во светот со гости од филмовите Господарот на прстените и Хобит. Обезбедете ги вашите омилени места додека сè уште се достапни! 🎟 ОСТАНАТИ ТЕКОВНИ НАСТАНИ 11 October 2026 DEEP PURPLE ARENA BORIS TRAJKOVSKI 1990-4000 мкд karti.com.mk © 2026. Сите права задржани.",3800-4950 мкд | 1990-4000 мкд | 4950 мкд | 4000 мкд,info@karti.com.mk,концерт,"3800-4950 мкд, 1990-4000 мкд, 4950 мкд, 4000 мкд","info@karti.com.mk MK EN ПОЧЕТНА МОБИЛНА АПП ПРОДАЖНИ МЕСТА УСЛОВИ КАКО ДА КУПАМ ЧПП КОНТАКТ Мај 10 Купи карта 3800-4950 мкд 17:00 Македонска Филхармонија - Скопје THE LORD OF THE RINGS & THE HOBBIT – IN CONCERT 🧙🏾‍♂ Хобитите доаѓаат! Доживејте ги Господарот на прстените, Хобит и Прстените на моќта во спектакуларна концертна вечер, претставена од специјален гостин од филмовите! Уживајте во уникатните музички светови на Џ. Р. Р. Толкин – од заканувачките тонови на Мордор и нападите на Црните јавачи, до прекрасните, лирски мелодии на елфите. Специјален гостин од оригиналните филмови ја води публиката низ програмата, а во концертот се користи и гласот на легендарниот Сер Кристофер Ли како Саруман, што дополнително го збогатува доживувањето. 🧚🏼 Ова е единствената филмско-музичка серија во светот со гости од филмовите Господарот на прстените и Хобит. Обезбедете ги вашите омилени места додека сè уште се достапни! 🎟 ОСТАНАТИ ТЕКОВНИ НАСТАНИ 11 October 2026 DEEP PURPLE ARENA BORIS TRAJKOVSKI 1990-4000 мкд karti.com.mk © 2026. Сите права задржани.",17:00
eead92139185880c34c5a5876d3cfb5b,https://www.karti.com.mk/the-music-of-hans-zimmer-and-others.nspx,THE MUSIC OF HANS ZIMMER AND OTHERS,2026-05-10,,,"ФИЛХАРМОНИЈА, СКОПЈЕ","ФИЛХАРМОНИЈА, СКОПЈЕ",https://www.karti.com.mk/the-music-of-hans-zimmer-and-others.nspx,3800-4950,3800,4950,MKD,False,"info@karti.com.mk MK EN ПОЧЕТНА МОБИЛНА АПП ПРОДАЖНИ МЕСТА УСЛОВИ КАКО ДА КУПАМ ЧПП КОНТАКТ Maj 10 Купи карта 3800-4950 мкд 20:00 Филхармонија, Скопје МУЗИКА НА ХАНС ЦИМЕР И ДРУГИ 🎵 Музика на Ханс Цимер и други – со гостин од „Пиратите од Карибите“! Доживејте ги најголемите филмски хитови од филмовите Top Gun, Dune, James Bond, Пиратите од Карибите, Кралот лав, Гладијатор, The Dark Knight, Inception, Interstellar и многу други светски успешници – во спектакуларна концертна изведба со врвни солисти и одбрани филмски исечоци. 🎬 Во програмата се вклучени и звучни пејзажи наградени со Оскар од филмот Dune. 🧚🏼 Ова е единствената филмско-музичка серија во светот претставена од гостин од познати филмски франшизи. Нурнете во незаборавниот музички универзум на Ханс Цимер и обезбедете ги вашите билети навреме! 🎟 ОСТАНАТИ ТЕКОВНИ НАСТАНИ 21 Јули 2026 JOSS STONE АРМ СТАДИОН 1990-2990 мкд karti.com.mk © 2026. Сите права задржани.",Концерт,АРМ СТАДИОН,https://www.karti.com.mk/content/zimm.jpeg?ver001,2026-01-08T00:16:28.556495,3800-4950,False,"The Music of Hans Zimmer and Others - karti.com.mk info@karti.com.mk MK EN Toggle navigationПОЧЕТНАМОБИЛНА АПППРОДАЖНИ МЕСТАУСЛОВИКАКО ДА КУПАМЧППКОНТАКТ Toggle navigationПОЧЕТНАМОБИЛНА АПППРОДАЖНИ МЕСТАУСЛОВИКАКО ДА КУПАМЧППКОНТАКТ Наслов Maj 10 Купи карта 3800-4950 мкд 20:00 Филхармонија, Скопје МУЗИКА НА ХАНС ЦИМЕР И ДРУГИ 🎵 Музика на Ханс Цимер и други – со гостин од „Пиратите од Карибите“! Доживејте ги најголемите филмски хитови од филмовите Top Gun, Dune, James Bond, Пиратите од Карибите, Кралот лав, Гладијатор, The Dark Knight, Inception, Interstellar и многу други светски успешници – во спектакуларна концертна изведба со врвни солисти и одбрани филмски исечоци. 🎬 Во програмата се вклучени и звучни пејзажи наградени со Оскар од филмот Dune. 🧚🏼 Ова е единствената филмско-музичка серија во светот претставена од гостин од познати филмски франшизи. Нурнете во незаборавниот музички универзум на Ханс Цимер и обезбедете ги вашите билети навреме! 🎟 ОСТАНАТИ ТЕКОВНИ НАСТАНИ 21 Јули 2026 JOSS STONE АРМ Стадион 1990-2990 мкд karti.com.mk © 2026. Сите права задржани.",3800-4950 мкд | 1990-2990 мкд | 4950 мкд | 2990 мкд,info@karti.com.mk,концерт,"3800-4950 мкд, 1990-2990 мкд, 4950 мкд, 2990 мкд","info@karti.com.mk MK EN ПОЧЕТНА МОБИЛНА АПП ПРОДАЖНИ МЕСТА УСЛОВИ КАКО ДА КУПАМ ЧПП КОНТАКТ Maj 10 Купи карта 3800-4950 мкд 20:00 Филхармонија, Скопје МУЗИКА НА ХАНС ЦИМЕР И ДРУГИ 🎵 Музика на Ханс Цимер и други – со гостин од „Пиратите од Карибите“! Доживејте ги најголемите филмски хитови од филмовите Top Gun, Dune, James Bond, Пиратите од Карибите, Кралот лав, Гладијатор, The Dark Knight, Inception, Interstellar и многу други светски успешници – во спектакуларна концертна изведба со врвни солисти и одбрани филмски исечоци. 🎬 Во програмата се вклучени и звучни пејзажи наградени со Оскар од филмот Dune. 🧚🏼 Ова е единствената филмско-музичка серија во светот претставена од гостин од познати филмски франшизи. Нурнете во незаборавниот музички универзум на Ханс Цимер и обезбедете ги вашите билети навреме! 🎟 ОСТАНАТИ ТЕКОВНИ НАСТАНИ 21 Јули 2026 JOSS STONE АРМ СТАДИОН 1990-2990 мкд karti.com.mk © 2026. Сите права задржани.",20:00
60ade577c10bb2205270e2d051c938d0,https://www.karti.com.mk/ivan-bosilj-i-i-jelena-toma-evi.nspx,IVAN BOSILJČIĆ I JELENA TOMAŠEVIĆ,2026-03-08,,,"ФИЛХАРМОНИЈА, СКОПЈЕ","ФИЛХАРМОНИЈА, СКОПЈЕ",https://www.karti.com.mk/ivan-bosilj-i-i-jelena-toma-evi.nspx,1500-2000,1500,2000,MKD,False,"info@karti.com.mk MK EN ПОЧЕТНА МОБИЛНА АПП ПРОДАЖНИ МЕСТА УСЛОВИ КАКО ДА КУПАМ ЧПП КОНТАКТ Март 08 Купи карта 1500-2000 мкд 20:00 Филхармонија, Скопје Прославете го 8 Март со вечер исполнета со музичка топлина и искрени емоции. Со Симфонискиот оркестар на сцената, Jelena Tomašević и Ivan Bosiljčić ќе ви приредат вистинско концертно уживање. ОСТАНАТИ ТЕКОВНИ НАСТАНИ ДРАМСКИ ТЕАТАР МЕСЕЧЕН РЕПЕРТОАР 500 мкд karti.com.mk © 2026. Сите права задржани.",Концерт,МЕСЕЧЕН РЕПЕРТОАР,https://www.karti.com.mk/content/jelenaiivan333.jpg?ver001,2026-01-08T00:16:28.617643,1500-2000,False,"Ivan Bosiljčić i Jelena Tomašević - karti.com.mk info@karti.com.mk MK EN Toggle navigationПОЧЕТНАМОБИЛНА АПППРОДАЖНИ МЕСТАУСЛОВИКАКО ДА КУПАМЧППКОНТАКТ Toggle navigationПОЧЕТНАМОБИЛНА АПППРОДАЖНИ МЕСТАУСЛОВИКАКО ДА КУПАМЧППКОНТАКТ Jelena Tomasevic & Ivan Bosiljčić Март 08 Купи карта 1500-2000 мкд 20:00 Филхармонија, Скопје Прославете го 8 Март со вечер исполнета со музичка топлина и искрени емоции. Со Симфонискиот оркестар на сцената, Jelena Tomašević и Ivan Bosiljčić ќе ви приредат вистинско концертно уживање. ОСТАНАТИ ТЕКОВНИ НАСТАНИ Драмски Театар Месечен репертоар 500 мкд karti.com.mk © 2026. Сите права задржани.",1500-2000 мкд | 2000 мкд | 500 мкд,info@karti.com.mk,концерт,"1500-2000 мкд, 2000 мкд, 500 мкд","info@karti.com.mk MK EN ПОЧЕТНА МОБИЛНА АПП ПРОДАЖНИ МЕСТА УСЛОВИ КАКО ДА КУПАМ ЧПП КОНТАКТ Март 08 Купи карта 1500-2000 мкд 20:00 Филхармонија, Скопје Прославете го 8 Март со вечер исполнета со музичка топлина и искрени емоции. Со Симфонискиот оркестар на сцената, Jelena Tomašević и Ivan Bosiljčić ќе ви приредат вистинско концертно уживање. ОСТАНАТИ ТЕКОВНИ НАСТАНИ ДРАМСКИ ТЕАТАР МЕСЕЧЕН РЕПЕРТОАР 500 мкд karti.com.mk © 2026. Сите права задржани.",20:00
6f9259214e2de43cad5fd9fb652f935b,https://www.karti.com.mk/zlatna-bubamara-2026.nspx,ЗЛАТНА БУБАМАРА 2026,2026-02-26,,,АРЕНА БОРИС ТРАЈКОВСКИ,АРЕНА БОРИС ТРАЈКОВСКИ,https://www.karti.com.mk/zlatna-bubamara-2026.nspx,1000 - 2600,1000,2600,MKD,False,"info@karti.com.mk MK EN ПОЧЕТНА МОБИЛНА АПП ПРОДАЖНИ МЕСТА УСЛОВИ КАКО ДА КУПАМ ЧПП КОНТАКТ Февруари 26 Купи карта 1000 - 2600 мкд 20:00 Арена Борис Трајковски ОСТАНАТИ ТЕКОВНИ НАСТАНИ 14 Февруару 2026 БАЈАГА & ИНСТРУКТОРИ И ВЛАДО ЈАНЕВСКИ & BAND! АРЕНА БОРИС ТРАЈКОВСКИ, СКОПЈЕ 790-200 мкд karti.com.mk © 2026. Сите права задржани.",Фестивал,"АРЕНА БОРИС ТРАЈКОВСКИ, СКОПЈЕ",https://www.karti.com.mk/content/zlatna.jpg?ver001,2026-01-08T00:16:28.674334,1000 - 2600,False,"ЗЛАТНА БУБАМАРА 2026 - karti.com.mk info@karti.com.mk MK EN Toggle navigationПОЧЕТНАМОБИЛНА АПППРОДАЖНИ МЕСТАУСЛОВИКАКО ДА КУПАМЧППКОНТАКТ Toggle navigationПОЧЕТНАМОБИЛНА АПППРОДАЖНИ МЕСТАУСЛОВИКАКО ДА КУПАМЧППКОНТАКТ ЗЛАТНА БУБАМАРА 2026 Февруари 26 Купи карта 1000 - 2600 мкд 20:00 Арена Борис Трајковски ОСТАНАТИ ТЕКОВНИ НАСТАНИ 14 Февруару 2026 БАЈАГА & ИНСТРУКТОРИ И ВЛАДО ЈАНЕВСКИ & BAND! Арена Борис Трајковски, Скопје 790-200 мкд karti.com.mk © 2026. Сите права задржани.",790-200 мкд | 2600 мкд | 200 мкд,info@karti.com.mk,,"790-200 мкд, 2600 мкд, 200 мкд","info@karti.com.mk MK EN ПОЧЕТНА МОБИЛНА АПП ПРОДАЖНИ МЕСТА УСЛОВИ КАКО ДА КУПАМ ЧПП КОНТАКТ Февруари 26 Купи карта 1000 - 2600 мкд 20:00 Арена Борис Трајковски ОСТАНАТИ ТЕКОВНИ НАСТАНИ 14 Февруару 2026 БАЈАГА & ИНСТРУКТОРИ И ВЛАДО ЈАНЕВСКИ & BAND! АРЕНА БОРИС ТРАЈКОВСКИ, СКОПЈЕ 790-200 мкд karti.com.mk © 2026. Сите права задржани.",20:00
63419823a8ed8bf976b54014c55be680,https://www.karti.com.mk/wedding-expo-26.nspx,WEDDING EXPO 26,2026-02-20-22,2026-02-22,,АЛЕКСАНДАР ПАЛАС,АЛЕКСАНДАР ПАЛАС,https://www.karti.com.mk/wedding-expo-26.nspx,200,200,200,MKD,False,"info@karti.com.mk MK EN ПОЧЕТНА МОБИЛНА АПП ПРОДАЖНИ МЕСТА УСЛОВИ КАКО ДА КУПАМ ЧПП КОНТАКТ Февруари 20-22 Купи карта 200 мкд 10-20 Александар Палас Wedding Expo-саем за венчавки! Подгответе се за најубавиот свадбен викенд во годината! Од 20 до 22 февруари 2026 година, хотел Александар Палас во Скопје повторно ќе блесне во бело и ќе ја пречека љубовта на едно место — на 14-тиот Саем за венчавки „Во Бело“! Со повеќе од 50 изложувачи од Македонија и регионот, посетителите ќе имаат единствена можност да откријат над 1000 модели на венчаници, свечени фустани, машки костуми, свадбени декорации, торти, фотографи, музички бендови, јувелири, и многу повеќе. Трите дена ќе бидат исполнети со неверојатни саемски попусти, подароци и ексклузивни понуди кои не се достапни во текот на годината. Совршена можност да ги најдете сите детали за вашата венчавка — на едно место, во само еден викенд! Wedding Expo 26 - 20.02.26 Купи карта Wedding Expo 26 - 21.02.26 Купи карта Wedding Expo 26 - 22.02.26 Купи карта ОСТАНАТИ ТЕКОВНИ НАСТАНИ ДРАМСКИ ТЕАТАР МЕСЕЧЕН РЕПЕРТОАР 500 мкд karti.com.mk © 2026. Сите права задржани.",Настан,МЕСЕЧЕН РЕПЕРТОАР,https://www.karti.com.mk/content/saemzavencavki333.jpg?ver001,2026-01-08T00:16:28.738705,200,False,"Wedding Expo 26 - karti.com.mk info@karti.com.mk MK EN Toggle navigationПОЧЕТНАМОБИЛНА АПППРОДАЖНИ МЕСТАУСЛОВИКАКО ДА КУПАМЧППКОНТАКТ Toggle navigationПОЧЕТНАМОБИЛНА АПППРОДАЖНИ МЕСТАУСЛОВИКАКО ДА КУПАМЧППКОНТАКТ Wedding Expo 26 Февруари 20-22 Купи карта 200 мкд 10-20 Александар Палас Wedding Expo-саем за венчавки! Подгответе се за најубавиот свадбен викенд во годината! Од 20 до 22 февруари 2026 година, хотел Александар Палас во Скопје повторно ќе блесне во бело и ќе ја пречека љубовта на едно место — на 14-тиот Саем за венчавки „Во Бело“! Со повеќе од 50 изложувачи од Македонија и регионот, посетителите ќе имаат единствена можност да откријат над 1000 модели на венчаници, свечени фустани, машки костуми, свадбени декорации, торти, фотографи, музички бендови, јувелири, и многу повеќе. Трите дена ќе бидат исполнети со неверојатни саемски попусти, подароци и ексклузивни понуди кои не се достапни во текот на годината. Совршена можност да ги најдете сите детали за вашата венчавка — на едно место, во само еден викенд! Wedding Expo 26 - 20.02.26 Купи карта Wedding Expo 26 - 21.02.26 Купи карта Wedding Expo 26 - 22.02.26 Купи карта ОСТАНАТИ ТЕКОВНИ НАСТАНИ Драмски Театар Месечен репертоар 500 мкд karti.com.mk © 2026. Сите права задржани.",200 мкд | 500 мкд,info@karti.com.mk,концерт,"200 мкд, 500 мкд","info@karti.com.mk MK EN ПОЧЕТНА МОБИЛНА АПП ПРОДАЖНИ МЕСТА УСЛОВИ КАКО ДА КУПАМ ЧПП КОНТАКТ Февруари 20-22 Купи карта 200 мкд 10-20 Александар Палас Wedding Expo-саем за венчавки! Подгответе се за најубавиот свадбен викенд во годината! Од 20 до 22 февруари 2026 година, хотел Александар Палас во Скопје повторно ќе блесне во бело и ќе ја пречека љубовта на едно место — на 14-тиот Саем за венчавки „Во Бело“! Со повеќе од 50 изложувачи од Македонија и регионот, посетителите ќе имаат единствена можност да откријат над 1000 модели на венчаници, свечени фустани, машки костуми, свадбени декорации, торти, фотографи, музички бендови, јувелири, и многу повеќе. Трите дена ќе бидат исполнети со неверојатни саемски попусти, подароци и ексклузивни понуди кои не се достапни во текот на годината. Совршена можност да ги најдете сите детали за вашата венчавка — на едно место, во само еден викенд! Wedding Expo 26 - 20.02.26 Купи карта Wedding Expo 26 - 21.02.26 Купи карта Wedding Expo 26 - 22.02.26 Купи карта ОСТАНАТИ ТЕКОВНИ НАСТАНИ ДРАМСКИ ТЕАТАР МЕСЕЧЕН РЕПЕРТОАР 500 мкд karti.com.mk © 2026. Сите права задржани.",
e31cbcf34ae10d1cb69b58bec5a3e661,https://www.karti.com.mk/lord.nspx,LORD OF THE DANCE,2026-04-07,,,"АРЕНА БОРИС ТРАЈКОВСКИ, СКОПЈЕ","АРЕНА БОРИС ТРАЈКОВСКИ, СКОПЈЕ",https://www.karti.com.mk/lord.nspx,1500-4500,1500,4500,MKD,False,"info@karti.com.mk MK EN ПОЧЕТНА МОБИЛНА АПП ПРОДАЖНИ МЕСТА УСЛОВИ КАКО ДА КУПАМ ЧПП КОНТАКТ Април 07 Купи карта 1500-4500 мкд 20:00 Арена Борис Трајковски 30 години стоечки овации за ирскиот музичко-танцов спектакл! Lord Of The Dance, глобалниот феномен кој го редефинираше сценскиот танц, се враќа во Македонија на 7 април 2026 година со ново ексклузивно шоу за прослава на својата 30-годишнина! Овој значаен настан ветува дека ќе биде грандиозна прослава на трајното наследство на глобалната продукција која плени над 60 милиони обожаватели ширум светот. Не го пропуштајте магичното доживување што во Скопје ќе го приреди светски најпродаваниот танцов спектакл на сите времиња и фантастичната претстава на наградуваниот креатор и режисер Мајкл Флетли која продолжува да руши рекорди и да ја остава публиката без здив. ОСТАНАТИ ТЕКОВНИ НАСТАНИ 21 Ноември 2025 BOŽO VREĆO МАКЕДОНСКА ФИЛХАРМОНИЈА 1600-1900 мкд karti.com.mk © 2026. Сите права задржани.",Концерт,МАКЕДОНСКА ФИЛХАРМОНИЈА,https://www.karti.com.mk/content/lord333.jpg?ver001,2026-01-08T00:16:28.803327,1500-4500,False,"Lord - karti.com.mk info@karti.com.mk MK EN Toggle navigationПОЧЕТНАМОБИЛНА АПППРОДАЖНИ МЕСТАУСЛОВИКАКО ДА КУПАМЧППКОНТАКТ Toggle navigationПОЧЕТНАМОБИЛНА АПППРОДАЖНИ МЕСТАУСЛОВИКАКО ДА КУПАМЧППКОНТАКТ Lord of the Dance Април 07 Купи карта 1500-4500 мкд 20:00 Арена Борис Трајковски 30 години стоечки овации за ирскиот музичко-танцов спектакл! Lord Of The Dance, глобалниот феномен кој го редефинираше сценскиот танц, се враќа во Македонија на 7 април 2026 година со ново ексклузивно шоу за прослава на својата 30-годишнина! Овој значаен настан ветува дека ќе биде грандиозна прослава на трајното наследство на глобалната продукција која плени над 60 милиони обожаватели ширум светот. Не го пропуштајте магичното доживување што во Скопје ќе го приреди светски најпродаваниот танцов спектакл на сите времиња и фантастичната претстава на наградуваниот креатор и режисер Мајкл Флетли која продолжува да руши рекорди и да ја остава публиката без здив. ОСТАНАТИ ТЕКОВНИ НАСТАНИ 21 Ноември 2025 Božo Vrećo Македонска Филхармонија 1600-1900 мкд karti.com.mk © 2026. Сите права задржани.",1500-4500 мкд | 1600-1900 мкд | 4500 мкд | 1900 мкд,info@karti.com.mk,театар,"1500-4500 мкд, 1600-1900 мкд, 4500 мкд, 1900 мкд","info@karti.com.mk MK EN ПОЧЕТНА МОБИЛНА АПП ПРОДАЖНИ МЕСТА УСЛОВИ КАКО ДА КУПАМ ЧПП КОНТАКТ Април 07 Купи карта 1500-4500 мкд 20:00 Арена Борис Трајковски 30 години стоечки овации за ирскиот музичко-танцов спектакл! Lord Of The Dance, глобалниот феномен кој го редефинираше сценскиот танц, се враќа во Македонија на 7 април 2026 година со ново ексклузивно шоу за прослава на својата 30-годишнина! Овој значаен настан ветува дека ќе биде грандиозна прослава на трајното наследство на глобалната продукција која плени над 60 милиони обожаватели ширум светот. Не го пропуштајте магичното доживување што во Скопје ќе го приреди светски најпродаваниот танцов спектакл на сите времиња и фантастичната претстава на наградуваниот креатор и режисер Мајкл Флетли која продолжува да руши рекорди и да ја остава публиката без здив. ОСТАНАТИ ТЕКОВНИ НАСТАНИ 21 Ноември 2025 BOŽO VREĆO МАКЕДОНСКА ФИЛХАРМОНИЈА 1600-1900 мкд karti.com.mk © 2026. Сите права задржани.",20:00
